name,house,intro_season,intro_episode,dth_season,dth_episode,featured_episode_count,icd10_cause_text,last_season,last_episode,killings_count,killer_name,total_dialogues_count,episode_1,episode_2,episode_3,episode_4,episode_5,episode_6,episode_7,episode_8,episode_9,episode_10,episode_11,episode_12,episode_13,episode_14,episode_15,episode_16,episode_17,episode_18,episode_19,episode_20,episode_21,episode_22,episode_23,episode_24,episode_25,episode_26,episode_27,episode_28,episode_29,episode_30,episode_31,episode_32,episode_33,episode_34,episode_35,episode_36,episode_37,episode_38,episode_39,episode_40,episode_41,episode_42,episode_43,episode_44,episode_45,episode_46,episode_47,episode_48,episode_49,episode_50,episode_51,episode_52,episode_53,episode_54,episode_55,episode_56,episode_57,episode_58,episode_59,episode_60,episode_61,episode_62,episode_63,episode_64,episode_65,episode_66,episode_67,episode_68,episode_69,episode_70,episode_71,episode_72,episode_73
Cersei Lannister,Lannister,1,1,8,72,61,Suicide,8,73,199,Daenerys Targaryen,1005,1,1,1,1,1,1,1,1,1,1,1,1,1,0,1,1,1,1,1,1,1,1,1,1,1,1,0,1,0,1,1,1,1,1,1,1,1,1,0,1,1,1,1,1,0,1,1,1,0,1,1,1,1,1,0,1,1,1,0,1,1,1,1,1,1,0,1,1,0,0,1,1,1
Daenerys Targaryen,Targaryen,1,1,8,73,62,Treason,8,73,1009,Jon Snow,1048,1,1,1,1,0,1,1,1,1,1,1,1,0,1,1,1,1,1,0,1,1,0,1,1,1,0,1,1,1,1,1,0,1,1,1,1,1,1,0,1,1,1,0,1,1,0,1,1,1,1,1,0,1,1,1,1,0,1,1,1,1,1,1,1,1,1,1,1,1,1,1,1,1
Gilly,Free Folk,2,11,,,27,,8,71,,,195,0,0,0,0,0,0,0,0,0,0,1,1,1,0,0,0,0,0,0,0,0,0,1,1,0,1,0,1,1,1,0,0,1,0,0,0,0,1,1,0,1,1,0,0,1,0,1,1,0,1,0,0,1,0,0,1,0,0,0,1,1,0,0,0,1,0,1,0,1,1,1,0,0
Jon Snow,Stark,1,1,5,49,63,Treason,8,73,51,Olly,1133,1,1,1,1,0,0,1,1,1,1,1,1,1,0,1,1,1,1,0,1,1,1,1,0,1,1,1,0,1,1,1,0,1,1,1,0,1,1,1,1,1,1,1,1,1,0,1,1,1,1,1,1,1,1,1,1,1,0,1,1,1,1,1,1,1,1,1,1,1,1,1,1,1
Jorah Mormont,Targaryen,1,1,8,70,51,Battle,8,71,13,a wight,402,1,1,1,1,0,1,1,1,1,1,1,1,0,1,1,0,1,1,0,1,1,0,1,1,1,0,1,1,1,1,1,0,1,1,1,1,1,1,0,0,0,0,1,1,1,1,1,1,1,1,1,0,0,1,1,0,0,0,0,0,1,1,1,0,1,1,1,1,1,1,1,0,0
Lord of Bones,Free Folk,2,18,5,48,4,Combat,5,48,,Tormund Giantsbane,13,0,0,0,0,0,0,0,0,0,0,0,0,0,0,0,0,0,1,0,1,1,0,0,0,0,0,0,0,0,0,0,0,0,0,0,0,0,0,0,0,0,0,0,0,0,0,0,1,0,0,0,0,0,0,0,0,0,0,0,0,0,0,0,0,0,0,0,0,0,0,0,0,0
Missandei,Targaryen,3,21,8,71,38,Execution,8,71,,Gregor Clegane,179,0,0,0,0,0,0,0,0,0,0,0,0,0,0,0,0,0,0,0,0,1,0,1,1,1,0,1,1,1,1,1,0,1,1,1,1,0,1,0,1,1,1,0,1,1,0,0,1,1,1,0,1,1,1,1,0,0,1,1,1,1,1,1,1,0,0,1,1,1,1,1,0,0
Olly,Night's Watch,4,33,6,53,17,Execution,6,53,2,Jon Snow,25,0,0,0,0,0,0,0,0,0,0,0,0,0,0,0,0,0,0,0,0,0,0,0,0,0,0,0,0,0,0,0,0,1,1,0,0,1,0,1,1,1,1,1,1,1,0,1,1,1,1,1,1,1,0,0,0,0,0,0,0,0,0,0,0,0,0,0,0,0,0,0,0,0
Qyburn,Lannister,3,21,8,72,22,Battle,8,72,1,Gregor Clegane,117,0,0,0,0,0,0,0,0,0,0,0,0,0,0,0,0,0,0,0,0,1,0,0,0,1,0,1,0,0,1,1,0,0,0,0,0,0,0,0,1,0,1,1,1,0,0,0,1,0,1,0,0,1,0,0,0,0,1,0,1,1,1,1,0,1,0,1,1,0,0,1,1,0
Ramsay Bolton,Bolton,3,22,6,59,20,Dog,6,59,20,a Bolton hound,263,0,0,0,0,0,0,0,0,0,0,0,0,0,0,0,0,0,0,0,0,0,1,1,1,0,1,1,0,0,1,0,1,0,0,0,1,0,1,0,0,0,0,1,0,1,1,1,1,0,1,1,1,1,1,0,0,0,0,1,0,0,0,0,0,0,0,0,0,0,0,0,0,0
Roose Bolton,Bolton,2,14,6,52,19,Treason,6,56,1,Ramsay Bolton,125,0,0,0,0,0,0,0,0,0,0,0,0,0,1,0,1,1,1,0,0,1,1,0,0,1,1,1,0,1,1,0,1,0,0,0,0,0,1,0,0,0,0,1,0,1,1,0,1,0,0,1,1,0,0,0,1,0,0,0,0,0,0,0,0,0,0,0,0,0,0,0,0,0
Samwell Tarly,Night's Watch,1,4,,,48,,8,73,2,,557,0,0,0,1,0,0,1,1,1,1,1,1,1,0,1,0,0,1,0,1,1,1,1,1,0,1,0,1,1,1,1,0,1,1,0,0,1,1,1,1,1,1,1,1,1,0,1,1,1,1,0,0,1,0,0,1,0,0,0,1,1,1,1,0,1,0,1,1,1,1,1,0,1
Sansa Stark,Stark,1,1,,,59,,8,73,,,784,1,1,1,1,1,1,0,1,1,1,1,0,1,1,0,1,1,0,1,1,1,1,0,1,1,1,1,1,0,1,1,1,1,1,1,0,1,1,0,0,1,1,1,1,1,1,1,1,0,1,1,1,0,1,1,0,1,0,1,1,1,1,1,1,1,1,1,1,1,1,1,0,1
Theon Greyjoy,Greyjoy,1,1,8,70,46,Battle,8,71,17,the Night King,455,1,1,0,1,1,1,1,1,1,1,1,1,1,0,1,1,1,1,0,1,0,1,1,1,0,1,1,0,0,1,0,1,0,0,0,1,0,1,0,0,0,0,1,0,1,1,1,1,0,1,1,1,0,1,1,0,1,0,1,1,0,1,1,1,0,0,1,1,1,1,1,0,0
Tormund Giantsbane,Free Folk,3,21,,,33,,8,73,21,,198,0,0,0,0,0,0,0,0,0,0,0,0,0,0,0,0,0,0,0,0,1,1,1,0,1,1,1,0,1,0,1,0,1,0,0,0,0,1,1,1,1,0,0,0,1,0,1,1,1,0,0,1,1,1,1,0,1,0,1,1,1,0,0,0,1,1,1,1,1,1,1,0,1
Tyrion Lannister,Lannister,1,1,,,67,,8,73,5,,1760,1,1,1,1,1,1,0,1,1,1,1,1,1,1,1,1,1,1,1,1,1,1,1,1,1,1,1,1,0,1,1,1,1,1,0,1,1,1,0,1,1,1,1,1,1,1,1,1,1,1,1,1,1,1,1,0,0,1,1,1,1,1,1,1,1,1,1,1,1,1,1,1,1
Waif,Faceless Men,5,43,6,58,11,Murder,6,58,,Arya Stark,46,0,0,0,0,0,0,0,0,0,0,0,0,0,0,0,0,0,0,0,0,0,0,0,0,0,0,0,0,0,0,0,0,0,0,0,0,0,0,0,0,0,0,1,0,0,1,0,1,0,1,1,1,1,0,1,1,1,1,0,0,0,0,0,0,0,0,0,0,0,0,0,0,0
Yezzan zo Qaggaz,Good Masters,5,47,,,4,,6,59,,,7,0,0,0,0,0,0,0,0,0,0,0,0,0,0,0,0,0,0,0,0,0,0,0,0,0,0,0,0,0,0,0,0,0,0,0,0,0,0,0,0,0,0,0,0,0,0,1,1,0,0,0,0,0,1,0,0,0,0,1,0,0,0,0,0,0,0,0,0,0,0,0,0,0
